"Product Name (English)","Product Status","Product Token","Product Type","Description (English)","Selling Method","Case Size","Minimum Order Quantity","Item Weight","Item Weight Unit","Item Length","Item Width","Item Height","Item Dimensions Unit","Packaged Weight","Packaged Weight Unit","Packaged Length","Packaged Width","Packaged Height","Packaged Dimensions Unit","Option Status",SKU,GTIN,"Option 1 Name","Option 1 Value","Option 2 Name","Option 2 Value","Option 3 Name","Option 3 Value","GBR Unit Wholesale Price","GBR Unit Retail Price","USD Unit Wholesale Price","USD Unit Retail Price","CAD Unit Wholesale Price","CAD Unit Retail Price","EUR Unit Wholesale Price","EUR Unit Retail Price","AUD Unit Wholesale Price","AUD Unit Retail Price","Option Image",Preorder,"Ship By Date (YYYY-MM-DD)","Ship By End Date (if range, YYYY-MM-DD)","Deadline To Order (YYYY-MM-DD)","Sell After Order By/Ship Date","Product Images","Made In Country","Tester Price (GBP)","Tester Price (USD)","Tester Price (CAD)","Tester Price (EUR)","Tester Price (AUD)",Customizable,"Customization Instructions","Customization Input Required","Customization Input Character Limit","Customization Minimum Order Quantity","Customization Charge Per Unit (GBP)","Customization Charge Per Unit (USD)","Customization Charge Per Unit (CAD)","Customization Charge Per Unit (EUR)","Customization Charge Per Unit (AUD)","Continue selling when out of stock","On Hand Inventory","On Hand Inventory (Read Only)","Restock Date","HS6 Tariff Code"
"Akan 8'' Gyuto Knife 牛刀",Published,,,"Akan 8"" Stainless Steel Gyuto Knife 牛刀 Introducing the Akan 阿寒川 8"" Gyuto Knife by Shimeru, an exceptional all-purpose chef’s knife that blends refined design with outstanding functionality. Perfect for both passionate home cooks and professional chefs, it delivers the precision, balance and versatility needed for every culinary task. High-Quality Stainless Steel BladeThe blade is expertly forged from premium stainless steel for impressive durability and long-lasting sharpness. Honed to a fine 15° cutting angle, it glides effortlessly through meats, fish, vegetables and fruit, making slicing, dicing and chopping smooth and precise. The full-tang construction provides strength and perfect balance for reliable control. Pakkawood HandleThe handle is crafted from richly grained pakkawood, valued for its durability and natural beauty. Smooth and ergonomically shaped, it offers a comfortable, secure grip that reduces fatigue during extended prep work while adding a touch of elegant warmth to ","By the item",,1,350,g,,,,,,,,,,,Published,TD-0012A,,,,,,,,19.99,39.99,,,,,,,,,,,,,,,"https://mnbxtuzlnsywipjsmpuh.supabase.co/storage/v1/object/public/product-images/10873/15510.jpg https://mnbxtuzlnsywipjsmpuh.supabase.co/storage/v1/object/public/product-images/10873/15511.jpg https://mnbxtuzlnsywipjsmpuh.supabase.co/storage/v1/object/public/product-images/10873/15512.jpg https://mnbxtuzlnsywipjsmpuh.supabase.co/storage/v1/object/public/product-images/10873/15513.jpg https://mnbxtuzlnsywipjsmpuh.supabase.co/storage/v1/object/public/product-images/10873/15514.jpg",China,,,,,,No,,,,,,,,,,No,9,,,8211.10
"Asahi 旭川 8"" Damascus Steel Gyuto Knife 牛刀",Published,,,"Asahi 旭川 8"" Damascus Steel Gyuto Knife 牛刀 Introducing the Asahi 旭川 by Shimeru, a premium 8"" gyuto knife that unites breathtaking aesthetics with high-performance functionality. Designed for chefs and culinary enthusiasts who demand precision and artistry, the Asahi delivers a cutting experience that feels both powerful and graceful. 67-Layer Damascus Steel MasteryForged from 67 layers of Damascus steel surrounding a resilient core, the Asahi’s blade embodies durability, sharpness, and beauty. The intricate wave patterns are unique to each knife, a testament to the artistry of Damascus forging. Honed to a razor-sharp edge, the Asahi glides effortlessly through vegetables, meats, and fish, retaining its keen performance cut after cut. Resin and Hardwood HandleThe handle is a striking fusion of natural burlwood and deep blue resin, creating a one-of-a-kind design that balances elegance with strength. The octagonal profile ensures a secure and comfortable grip, while the polished finish pr","By the item",,1,350,g,,,,,,,,,,,Published,DMS-125A,,,,,,,,29.99,59.99,,,,,,,,,,,,,,,"https://mnbxtuzlnsywipjsmpuh.supabase.co/storage/v1/object/public/product-images/14707/15515.jpg https://mnbxtuzlnsywipjsmpuh.supabase.co/storage/v1/object/public/product-images/14707/15516.jpg https://mnbxtuzlnsywipjsmpuh.supabase.co/storage/v1/object/public/product-images/14707/15517.jpg https://mnbxtuzlnsywipjsmpuh.supabase.co/storage/v1/object/public/product-images/14707/15518.jpg https://mnbxtuzlnsywipjsmpuh.supabase.co/storage/v1/object/public/product-images/14707/15519.jpg",China,,,,,,No,,,,,,,,,,No,10,,,8211.10
"Asahi 朝日川 Damascus Pattern Stainless Steel Kitchen 8 Knife S",Published,,,"Asahi 朝日川 Damascus Pattern Stainless Steel Kitchen Knife Set The Asahi 朝日川 Damascus Pattern Stainless Steel Knife Set by Shimeru. Our eye-catching, unique handle designs are made from ergonomic red resin, which is chemically stabilised. Highly impervious to heat, cold and moisture with military-grade strength and life-long durability. Whats in the set? Asahi 7"" Nakiri knife 菜切り包丁 Asahi 7"" Santuko knife 三徳包丁 Asahi 8"" Bread Knife パン切りナイフ Asahi 8"" Kiritsuke knife 切り付け包丁 Asahi 5"" Petty knife ペティナイフ Asahi 5"" Santuko Knife 三徳包丁 Asahi 3.5"" Fruit knife フルーツナイフ Asahi 6"" Boning/Filleting knife 骨抜きナイフ Masterfully forged from professional-grade High-Carbon Steel, the Shinano Collection features individually forged kitchen knives that are built to last so that you never need another kitchen knife set again. High-Carbon Steel, which was once the metal of choice of Japanese swordsmiths, has been exploding in popularity due to its added hardiness and sharpness, to such a degree that high-carbon steel ","By the item",,1,1200,g,,,,,,,,,,,Published,ASAHI-SET-8PC,,,,,,,,69.99,139.99,,,,,,,,,,,,,,,"https://mnbxtuzlnsywipjsmpuh.supabase.co/storage/v1/object/public/product-images/10165/11636.png https://mnbxtuzlnsywipjsmpuh.supabase.co/storage/v1/object/public/product-images/10165/10149.webp https://mnbxtuzlnsywipjsmpuh.supabase.co/storage/v1/object/public/product-images/10165/15847.jpg https://mnbxtuzlnsywipjsmpuh.supabase.co/storage/v1/object/public/product-images/10165/15848.jpg https://mnbxtuzlnsywipjsmpuh.supabase.co/storage/v1/object/public/product-images/10165/15849.jpg https://mnbxtuzlnsywipjsmpuh.supabase.co/storage/v1/object/public/product-images/10165/15850.jpg https://mnbxtuzlnsywipjsmpuh.supabase.co/storage/v1/object/public/product-images/10165/15851.jpg https://mnbxtuzlnsywipjsmpuh.supabase.co/storage/v1/object/public/product-images/10165/15852.jpg https://mnbxtuzlnsywipjsmpuh.supabase.co/storage/v1/object/public/product-images/10165/15853.jpg https://mnbxtuzlnsywipjsmpuh.supabase.co/storage/v1/object/public/product-images/10165/15854.jpg",China,,,,,,No,,,,,,,,,,No,5,,,8211.10
"Asuka 飛鳥 7″ Damascus Steel Santoku Knife 三徳包丁",Published,,,"Asuka 飛鳥 7″ Damascus Steel Santoku Knife 三徳包丁 Introducing the Asuka 飛鳥 by Shimeru, a premium 7″ santoku knife that captures the splendour of Japan's ancient imperial era. With its striking black resin and gold flake handle, the Asuka is forged for those who seek opulence and precision in equal measure. The blade is forged from 67 layers of premium Damascus steel with a VG10 cutting core, delivering exceptional sharpness, durability, and edge retention. The intricate wave pattern across the blade is unique to each knife, a hallmark of traditional Damascus craftsmanship. The hammered tsuchime finish reduces friction and prevents food from clinging, ensuring clean, effortless cuts through vegetables, proteins, and delicate ingredients alike. The handle is a statement of luxury, crafted from deep black resin embedded with shimmering gold flakes that catch the light with every movement. No two handles are identical, making each Asuka a truly unique piece. The ergonomic Western-style grip pr","By the item",,1,350,g,,,,,,,,,,,Published,DMS-134B,,,,,,,,27.99,55.99,,,,,,,,,,,,,,,"https://mnbxtuzlnsywipjsmpuh.supabase.co/storage/v1/object/public/product-images/15468/15520.jpg https://mnbxtuzlnsywipjsmpuh.supabase.co/storage/v1/object/public/product-images/15468/15521.jpg https://mnbxtuzlnsywipjsmpuh.supabase.co/storage/v1/object/public/product-images/15468/15522.jpg https://mnbxtuzlnsywipjsmpuh.supabase.co/storage/v1/object/public/product-images/15468/15523.jpg https://mnbxtuzlnsywipjsmpuh.supabase.co/storage/v1/object/public/product-images/15468/15524.jpg",China,,,,,,No,,,,,,,,,,No,9,,,8211.10
"Dark Grain 7"" Damascus Steel Santoku Knife 三徳包丁",Published,,,"Dark Grain 7"" Damascus Steel Santoku Knife 三徳包丁 The Dark Grain 7"" Damascus Steel Santoku Knife combines Japanese-inspired artistry with modern performance, designed to bring professional-level precision to your home kitchen. From finely dicing vegetables to slicing meats and fish, this Santoku makes every preparation feel effortless and refined. 67-Layer AUS10 Damascus SteelAt its core lies premium AUS10 steel, clad in 67 layers of Damascus steel for exceptional hardness, edge retention and striking visual character. Each unique ripple pattern reflects the craftsmanship behind the blade. Hand-polished and sharpened to a precise 8–12° angle, the edge delivers razor-sharp performance and maintains its keenness through countless meals. Ebony Wood HandleThe handle is crafted from deep, lustrous ebony wood whose rich grain provides both natural elegance and lasting strength. Perfectly balanced and smoothly contoured, it offers a secure, comfortable grip that ensures confident, controlled mo","By the item",,1,350,g,,,,,,,,,,,Published,DMS-151B,,,,,,,,27.99,55.99,,,,,,,,,,,,,,,"https://mnbxtuzlnsywipjsmpuh.supabase.co/storage/v1/object/public/product-images/9924/15525.jpg https://mnbxtuzlnsywipjsmpuh.supabase.co/storage/v1/object/public/product-images/9924/15526.jpg https://mnbxtuzlnsywipjsmpuh.supabase.co/storage/v1/object/public/product-images/9924/15527.jpg https://mnbxtuzlnsywipjsmpuh.supabase.co/storage/v1/object/public/product-images/9924/15528.jpg https://mnbxtuzlnsywipjsmpuh.supabase.co/storage/v1/object/public/product-images/9924/15529.jpg https://mnbxtuzlnsywipjsmpuh.supabase.co/storage/v1/object/public/product-images/9924/15530.jpg",China,,,,,,No,,,,,,,,,,No,7,,,8211.10
"Dark Grain 9.5"" Damascus Steel Kiritsuke Knife 切り付け包丁",Published,,,"Dark Grain 9.5"" Damascus Steel Kiritsuke Knife 切り付け包丁 Unleash your inner chef with the Dark Grain 9.5"" Damascus Steel Kiritsuke Knife, a blade that turns everyday cooking into a performance of skill and elegance. From its intricate Damascus patterns to the warm, polished tones of its handle, this knife invites you to create with the poise of a professional. A Blade of Exquisite PrecisionForged from 67 layers of premium Damascus steel, the blade reveals a hypnotic, one-of-a-kind wave pattern that reflects both strength and artistry. Hand-polished to a flawless mirror finish and sharpened to a razor 8–12° edge, it glides effortlessly through vegetables, fish, and meats. Each slice is a moment of precision, each cut a statement of mastery. Ebony and Warmwood HandleThe handle blends dark, lustrous ebony with a striking band of warm natural wood. This pairing creates a subtle contrast of deep espresso and golden grain, giving the knife an air of understated luxury. Perfectly contoured for c","By the item",,1,350,g,,,,,,,,,,,Published,DMS-151K,,,,,,,,34.99,69.99,,,,,,,,,,,,,,,"https://mnbxtuzlnsywipjsmpuh.supabase.co/storage/v1/object/public/product-images/10891/15531.jpg https://mnbxtuzlnsywipjsmpuh.supabase.co/storage/v1/object/public/product-images/10891/15532.jpg https://mnbxtuzlnsywipjsmpuh.supabase.co/storage/v1/object/public/product-images/10891/15533.jpg https://mnbxtuzlnsywipjsmpuh.supabase.co/storage/v1/object/public/product-images/10891/15534.jpg https://mnbxtuzlnsywipjsmpuh.supabase.co/storage/v1/object/public/product-images/10891/15535.jpg https://mnbxtuzlnsywipjsmpuh.supabase.co/storage/v1/object/public/product-images/10891/15536.jpg",China,,,,,,No,,,,,,,,,,No,7,,,8211.10
"Ginsui 7"" Nakiri Knife 菜切り包丁",Published,,,"Ginsui 7"" Nakiri Knife 菜切り包丁 The Ginsui 7"" Nakiri Knife is designed for those who appreciate the art of precise vegetable preparation and the elegance of traditional Japanese-style cutlery. Crafted with meticulous attention to detail, it brings professional performance and timeless beauty to your kitchen. Masterful Stainless Steel ConstructionForged from professional-grade high-carbon stainless steel, the Ginsui Nakiri delivers exceptional durability and a long-lasting razor-sharp edge. Each blade is carefully heat-treated and sharpened to perfection, achieving a 15° edge that provides superior cutting performance compared to typical Western knives. From delicate herbs to dense root vegetables, you will feel the difference from the very first cut. Mkuruti Wood HandleThe handle is crafted from beautifully grained Mkuruti wood, valued for its natural strength and warm, rich tones. Chemically stabilized to resist warping or cracking, it offers a comfortable, secure grip that remains relia","By the item",,1,350,g,,,,,,,,,,,Published,HM-51C,,,,,,,,22.99,45.99,,,,,,,,,,,,,,,"https://mnbxtuzlnsywipjsmpuh.supabase.co/storage/v1/object/public/product-images/10447/15537.jpg https://mnbxtuzlnsywipjsmpuh.supabase.co/storage/v1/object/public/product-images/10447/15538.jpg https://mnbxtuzlnsywipjsmpuh.supabase.co/storage/v1/object/public/product-images/10447/15539.jpg https://mnbxtuzlnsywipjsmpuh.supabase.co/storage/v1/object/public/product-images/10447/15540.jpg https://mnbxtuzlnsywipjsmpuh.supabase.co/storage/v1/object/public/product-images/10447/15541.jpg",China,,,,,,No,,,,,,,,,,No,7,,,8211.10
"Hakuba 白馬  8"" Damascus Steel Gyuto Chef Knife 牛刀",Published,,,"Hakuba 白馬 8″ Damascus Steel Gyuto Chef Knife 牛刀 Introducing the Hakuba 白馬 by Shimeru, a premium 8″ gyuto knife that embodies strength, elegance, and masterful precision. Named after Japan's legendary ""White Horse"" mountain peaks, the Hakuba is forged for those who demand excellence in both form and function. 67-Layer Damascus Steel Precision At the core of the Hakuba lies a blade forged from 67 layers of premium Damascus steel with a VG10 cutting core, delivering exceptional sharpness, resilience, and edge retention. The mesmerising swirl pattern across the blade is unique to each knife, a hallmark of traditional Damascus craftsmanship. The hammered finish reduces surface friction, enabling seamless cuts through vegetables, proteins, and delicate ingredients alike. Artisan Handle Craftsmanship The Hakuba's handle is a striking fusion of deep ocean-blue resin and natural lofidied wood, accented with an elegant brass mosaic pin. This bold combination creates a visual depth reminiscent of","By the item",,1,350,g,,,,,,,,,,,Published,DMS-122A-GREEN,,,,,,,,29.99,59.99,,,,,,,,,,,,,,,"https://mnbxtuzlnsywipjsmpuh.supabase.co/storage/v1/object/public/product-images/15395/15542.jpg https://mnbxtuzlnsywipjsmpuh.supabase.co/storage/v1/object/public/product-images/15395/15543.jpg https://mnbxtuzlnsywipjsmpuh.supabase.co/storage/v1/object/public/product-images/15395/15544.png https://mnbxtuzlnsywipjsmpuh.supabase.co/storage/v1/object/public/product-images/15395/15545.png",China,,,,,,No,,,,,,,,,,No,6,,,8211.10
"Hayama 葉山 7″ Damascus Steel Santoku Knife 三徳包丁",Published,,,"Introducing the Hayama 葉山 by Shimeru, a premium 7″ santoku knife that draws inspiration from the lush, forested hillsides of Japan's coastal retreat. The Hayama combines striking visual depth with exceptional cutting performance, forged for chefs and home cooks who demand both beauty and precision. The blade is forged from 67 layers of premium Damascus steel with a VG10 cutting core, delivering outstanding sharpness, durability, and edge retention. The intricate wave pattern across the blade is unique to each knife, a hallmark of traditional Damascus craftsmanship. The hammered tsuchime finish reduces friction and prevents food from clinging, ensuring clean, effortless cuts through vegetables, proteins, and delicate ingredients alike. The handle is a captivating blend of smoky resin and natural burl wood, creating depth and movement reminiscent of forest shadows at twilight. A decorative mosaic pin adds a refined accent, while the ergonomic Western-style grip provides comfort and secur","By the item",,1,350,g,,,,,,,,,,,Published,DMS-138B,,,,,,,,27.99,55.99,,,,,,,,,,,,,,,"https://mnbxtuzlnsywipjsmpuh.supabase.co/storage/v1/object/public/product-images/15437/15546.jpg https://mnbxtuzlnsywipjsmpuh.supabase.co/storage/v1/object/public/product-images/15437/15547.jpg https://mnbxtuzlnsywipjsmpuh.supabase.co/storage/v1/object/public/product-images/15437/15548.jpg https://mnbxtuzlnsywipjsmpuh.supabase.co/storage/v1/object/public/product-images/15437/15549.jpg https://mnbxtuzlnsywipjsmpuh.supabase.co/storage/v1/object/public/product-images/15437/15550.jpg",China,,,,,,No,,,,,,,,,,No,9,,,8211.10
"Hikari 8"" Damascus Steel Kiritsuke Knife 切り付け包丁",Published,,,"Hikari 8"" Damascus Steel Kiritsuke Knife 切り付け包丁 Illuminate every slice with the Hikari 8"" Damascus Steel Kiritsuke Knife, an instrument of both art and performance for those who want to cook like a master chef at home. From its swirling Damascus patterns to the deep, lustrous wood of its handle, every detail speaks of elegance and precision. 67-Layer AUS10 Damascus BrillianceAt the heart of the Hikari is a core of premium AUS10 steel, encased in 67 layers of Damascus to create a blade of exceptional strength and striking beauty. Each ripple in the steel is unique, forming a mesmerizing pattern that draws the eye before the first cut is made. Hand-polished to a mirror finish and honed to a razor-sharp 8–12° edge, it delivers effortless, scalpel-like performance and maintains its keen edge through countless preparations. Ebony Wood HandleThe handle’s jet-dark ebony wood provides a refined, natural elegance and a luxurious contrast to the luminous steel. Its smooth, fine-grained and perfe","By the item",,1,350,g,,,,,,,,,,,Published,DMS-119A,,,,,,,,32.99,65.99,,,,,,,,,,,,,,,"https://mnbxtuzlnsywipjsmpuh.supabase.co/storage/v1/object/public/product-images/9930/15557.jpg https://mnbxtuzlnsywipjsmpuh.supabase.co/storage/v1/object/public/product-images/9930/15558.jpg https://mnbxtuzlnsywipjsmpuh.supabase.co/storage/v1/object/public/product-images/9930/15559.jpg https://mnbxtuzlnsywipjsmpuh.supabase.co/storage/v1/object/public/product-images/9930/15560.jpg https://mnbxtuzlnsywipjsmpuh.supabase.co/storage/v1/object/public/product-images/9930/15561.jpg",China,,,,,,No,,,,,,,,,,No,8,,,8211.10
"Hikari 光 7"" Damacus Steel Professional Santoku Knife 三徳包丁",Published,,,"Hikari 光 7"" Damascus Steel Professional Santoku Knife 三徳包丁 This breathtaking 7"" Hikari Damascus Santoku Knife is individually forged from 67-layer Japanese Damascus Steel with an HRC Rating as high as 62 for unparalleled hardiness and performance. 33-layers of Damascus on each side surround the Japanese VG10 Steel Core. Built to last and retain sharpness so that you will never need another santoku knife again. The Hikari Santoku Knife features integrated full-tang moulding from blade to handle, which allows for increased force and leverage, making it useful against even the toughest of meats and vegetables. The handle is perhaps our most practical and stunning handle design yet; it's a Pakka wood handle that is full of deep wooden colours, and will glisten beautifully in your kitchen. The handle is also completely waterproof, heat-resistant, and non-slip, so it will feel absolutely wonderful in your hand. Finally, there is a Blossom Plum Rivet on the handle to enhance both the look and","By the item",,1,350,g,,,,,,,,,,,Published,DMS-018B,,,,,,,,27.99,55.99,,,,,,,,,,,,,,,"https://mnbxtuzlnsywipjsmpuh.supabase.co/storage/v1/object/public/product-images/9387/15551.jpg https://mnbxtuzlnsywipjsmpuh.supabase.co/storage/v1/object/public/product-images/9387/15552.png https://mnbxtuzlnsywipjsmpuh.supabase.co/storage/v1/object/public/product-images/9387/15553.png https://mnbxtuzlnsywipjsmpuh.supabase.co/storage/v1/object/public/product-images/9387/15554.png https://mnbxtuzlnsywipjsmpuh.supabase.co/storage/v1/object/public/product-images/9387/15555.png https://mnbxtuzlnsywipjsmpuh.supabase.co/storage/v1/object/public/product-images/9387/15556.png",China,,,,,,No,,,,,,,,,,No,8,,,8211.10
"Ishikari 5"" Santoku Knife 三徳包丁",Published,,,"Ishikari 5"" Stainless Steel Santoku Knife フルーツナイフ The Ishikari 石狩川 Series Knives by Shimeru feature an attractive hardwood handle in an easy-to-hold octagonal profile. The Ishikari Collection showcases premium, individually forged kitchen knives made of high-grade AUS stainless steel with an HRC rating of 62 for exceptional hardness and performance. Crafted for long-lasting sharpness and durability, the blade is built to withstand daily use so that you will never need another set of knives again. Honed to a 15° edge, it offers superior cutting precision compared to the typical 20–25° edge found in most Western knives. You will feel the difference from the very first cut. The handle is made from top-quality hardwood and is waterproof, antibacterial, heat-resistant and non-slip. It provides a firm yet comfortable grip, making cutting, dicing, slicing and chopping as effortless as possible.","By the item",,1,350,g,,,,,,,,,,,Published,HM-50B,,,,,,,,24.99,49.99,,,,,,,,,,,,,,,"https://mnbxtuzlnsywipjsmpuh.supabase.co/storage/v1/object/public/product-images/9780/15562.jpg https://mnbxtuzlnsywipjsmpuh.supabase.co/storage/v1/object/public/product-images/9780/15563.jpg https://mnbxtuzlnsywipjsmpuh.supabase.co/storage/v1/object/public/product-images/9780/15564.png https://mnbxtuzlnsywipjsmpuh.supabase.co/storage/v1/object/public/product-images/9780/15565.jpg https://mnbxtuzlnsywipjsmpuh.supabase.co/storage/v1/object/public/product-images/9780/15566.jpg",China,,,,,,No,,,,,,,,,,No,9,,,8211.10
"Kakehashi 8"" Gyuto 牛刀",Published,,,"Kakehashi 8"" Stainless Steel Gyuto Knife 牛刀 Introducing the Kakehashi 梯川 by Shimeru, a premium 8"" gyuto knife that redefines versatility and craftsmanship in your kitchen. Expertly designed for culinary enthusiasts and professional chefs alike, this knife combines the precision of a gyuto with the robust functionality of a cleaver, making it an essential tool for a wide range of culinary tasks. The Kakehashi features a stunning blade crafted from vacuum heat-treated AUS10 stainless steel, offering exceptional sharpness, edge retention and durability. This high-performance steel ensures the blade remains keen through extensive use, while the finely honed edge delivers effortless slicing, mincing and chopping of everything from delicate vegetables to hearty meats, making it perfect for meal prep or intricate plating. What sets the Kakehashi apart is its unique dual functionality. The 8"" blade is perfectly balanced, providing the agility and precision of a gyuto while possessing the heft ","By the item",,1,350,g,,,,,,,,,,,Published,HM-19A1,,,,,,,,24.99,49.99,,,,,,,,,,,,,,,"https://mnbxtuzlnsywipjsmpuh.supabase.co/storage/v1/object/public/product-images/12073/15567.jpg https://mnbxtuzlnsywipjsmpuh.supabase.co/storage/v1/object/public/product-images/12073/15568.jpg https://mnbxtuzlnsywipjsmpuh.supabase.co/storage/v1/object/public/product-images/12073/15569.jpg https://mnbxtuzlnsywipjsmpuh.supabase.co/storage/v1/object/public/product-images/12073/15570.jpg https://mnbxtuzlnsywipjsmpuh.supabase.co/storage/v1/object/public/product-images/12073/15571.jpg https://mnbxtuzlnsywipjsmpuh.supabase.co/storage/v1/object/public/product-images/12073/15572.jpg",China,,,,,,No,,,,,,,,,,No,10,,,8211.10
"Kiba 5.8"" Butcher Knife with Leather Sheath",Published,,,"Kiba 5.8"" Butcher Knife with Leather Sheath Power and elegance meet in the [Chosen Name] 5.8"" Butcher Knife, designed to handle the heaviest kitchen or outdoor tasks with the refined aesthetics of traditional Japanese blades. 5Cr15MoV Stainless Steel BladeForged from premium 5Cr15MoV stainless steel, the blade offers excellent edge retention, corrosion resistance and the toughness needed for breaking down large cuts of meat. Its hammered finish reduces drag and helps prevent food from sticking, giving you clean, effortless cuts every time. Sandalwood HandleThe handle is crafted from rich, warm sandalwood that provides natural grip and timeless beauty. Its ergonomic shape ensures comfort and control even during extended prep sessions. Protective Leather SheathA custom-fitted leather sheath keeps the knife secure when not in use and makes it easy to carry from kitchen to campsite. Precision and PowerFrom carving game to portioning roasts, the [Chosen Name] Butcher Knife blends Japanese-i","By the item",,1,350,g,,,,,,,,,,,Published,HM-24,,,,,,,,17.99,34.99,,,,,,,,,,,,,,,"https://mnbxtuzlnsywipjsmpuh.supabase.co/storage/v1/object/public/product-images/14486/15573.jpg https://mnbxtuzlnsywipjsmpuh.supabase.co/storage/v1/object/public/product-images/14486/15574.png https://mnbxtuzlnsywipjsmpuh.supabase.co/storage/v1/object/public/product-images/14486/15575.png https://mnbxtuzlnsywipjsmpuh.supabase.co/storage/v1/object/public/product-images/14486/15576.png https://mnbxtuzlnsywipjsmpuh.supabase.co/storage/v1/object/public/product-images/14486/15577.png https://mnbxtuzlnsywipjsmpuh.supabase.co/storage/v1/object/public/product-images/14486/15578.png https://mnbxtuzlnsywipjsmpuh.supabase.co/storage/v1/object/public/product-images/14486/15579.png",China,,,,,,No,,,,,,,,,,No,8,,,8211.10
"Kinzan 金山 7.7"" Damascus Steel Gyuto Japanese Chef Knife",Published,,,"Kinzan 金山 7.7″ Damascus Steel Gyuto Japanese Chef Knife 牛刀 Introducing the Kinzan 金山 by Shimeru, a premium 7.7″ gyuto knife that celebrates the timeless beauty of traditional Japanese craftsmanship. Named after the ""Golden Mountain,"" the Kinzan radiates warmth and refinement, offering exceptional cutting performance in a blade destined to become a treasured kitchen heirloom. 67-Layer Damascus Steel Brilliance The Kinzan's blade is meticulously forged from 67 layers of premium Damascus steel, encasing a VG10 core celebrated for its outstanding sharpness and edge retention. The intricate flowing pattern across the blade surface tells the story of expert forging, while the hammered tsuchime finish reduces friction and prevents food from clinging to the steel. Every cut is precise, effortless, and controlled. Elegant Rosewood and Amber Handle The handle is a showcase of natural sophistication, crafted from rich, deep-grained rosewood that exudes classic elegance. A luminous amber resin spa","By the item",,1,350,g,,,,,,,,,,,Published,DMS-018A,,,,,,,,29.99,59.99,,,,,,,,,,,,,,,"https://mnbxtuzlnsywipjsmpuh.supabase.co/storage/v1/object/public/product-images/15398/15580.jpg https://mnbxtuzlnsywipjsmpuh.supabase.co/storage/v1/object/public/product-images/15398/15581.jpg https://mnbxtuzlnsywipjsmpuh.supabase.co/storage/v1/object/public/product-images/15398/15582.jpg https://mnbxtuzlnsywipjsmpuh.supabase.co/storage/v1/object/public/product-images/15398/15583.jpg https://mnbxtuzlnsywipjsmpuh.supabase.co/storage/v1/object/public/product-images/15398/15584.png",China,,,,,,No,,,,,,,,,,No,10,,,8211.10
"Kitakami 7"" Nakiri Knife 菜切り包丁",Published,,,"Kitakami 7"" Nakiri Knife 菜切り包丁 The Kitakami 7"" Nakiri Knife is a refined blend of Japanese-inspired design and modern steel technology, crafted to deliver effortless precision in vegetable preparation. With its broad blade, razor edge, and elegant handle, it transforms chopping into a smooth, balanced, and graceful experience. AUS10 Steel CoreForged from premium AUS10 steel, the Kitakami Nakiri offers a perfect balance of hardness, toughness, and edge retention. Its scalpel-like sharpness is honed to a precise cutting angle, making quick work of everything from delicate herbs to dense root vegetables. The blade’s hammered finish reduces drag and prevents food from sticking, ensuring each cut flows with ease. Mkuruti Wood HandleThe handle is crafted from richly grained Mkuruti wood, prized for its strength, durability, and natural beauty. Warm in tone and smooth to the touch, it provides an ergonomic grip that feels secure and balanced, even during long prep sessions. Its octagonal desi","By the item",,1,350,g,,,,,,,,,,,Published,HM-19C,,,,,,,,24.99,49.99,,,,,,,,,,,,,,,"https://mnbxtuzlnsywipjsmpuh.supabase.co/storage/v1/object/public/product-images/9062/15585.jpg https://mnbxtuzlnsywipjsmpuh.supabase.co/storage/v1/object/public/product-images/9062/15586.jpg https://mnbxtuzlnsywipjsmpuh.supabase.co/storage/v1/object/public/product-images/9062/15587.jpg https://mnbxtuzlnsywipjsmpuh.supabase.co/storage/v1/object/public/product-images/9062/15588.jpg https://mnbxtuzlnsywipjsmpuh.supabase.co/storage/v1/object/public/product-images/9062/15589.jpg https://mnbxtuzlnsywipjsmpuh.supabase.co/storage/v1/object/public/product-images/9062/15590.jpg",China,,,,,,No,,,,,,,,,,No,10,,,8211.10
"Kitakami 北上川 Damascus Pattern Stainless Steel Kitchen 8 Knif",Published,,,"Kitakami 北上川 Damascus Pattern Knife Set The Kitakami 北上川 Damascus Pattern Series Knives by Shimeru. Our eye-catching, unique handle designs are made from ergonomic green marble effect resin, which is chemically stabilised. Highly impervious to heat, cold and moisture with military-grade strength and life-long durability. What is in the set? Kitakami 8"" Bread Knife パン切りナイフ Kitakami 7"" Santuko Knife 三徳包丁 Kitakami 5"" Santuko Knife 三徳包丁 Kitakami 7"" Nakiri Knife 菜切り包丁 Kitakami 5"" Petty Knife ペティナイフ Kitakami 6"" Filleting/Boning Knife 骨抜きナイフ Kitakami 8"" Kiritsuke Knife 切り付け包丁 Kitakami 3.5"" Fruit Knife フルーツナイフ Masterfully forged from professional-grade High-Carbon Steel, the Kitakami Collection features individually forged kitchen knives that are built to last so that you never need another kitchen knife set again. High-Carbon Steel, which was once the metal of choice of Japanese swordsmiths, has been exploding in popularity due to its added hardiness and sharpness, to such a degree that high-","By the item",,1,1200,g,,,,,,,,,,,Published,KITAKAMI-SET-8PC,,,,,,,,69.99,139.99,,,,,,,,,,,,,,,"https://mnbxtuzlnsywipjsmpuh.supabase.co/storage/v1/object/public/product-images/9084/15798.jpg https://mnbxtuzlnsywipjsmpuh.supabase.co/storage/v1/object/public/product-images/9084/9073.webp https://mnbxtuzlnsywipjsmpuh.supabase.co/storage/v1/object/public/product-images/9084/15797.jpg https://mnbxtuzlnsywipjsmpuh.supabase.co/storage/v1/object/public/product-images/9084/15799.jpg https://mnbxtuzlnsywipjsmpuh.supabase.co/storage/v1/object/public/product-images/9084/15800.jpg https://mnbxtuzlnsywipjsmpuh.supabase.co/storage/v1/object/public/product-images/9084/15801.jpg https://mnbxtuzlnsywipjsmpuh.supabase.co/storage/v1/object/public/product-images/9084/15802.jpg https://mnbxtuzlnsywipjsmpuh.supabase.co/storage/v1/object/public/product-images/9084/15803.jpg https://mnbxtuzlnsywipjsmpuh.supabase.co/storage/v1/object/public/product-images/9084/15804.jpg https://mnbxtuzlnsywipjsmpuh.supabase.co/storage/v1/object/public/product-images/9084/15805.jpg",China,,,,,,No,,,,,,,,,,No,6,,,8211.10
"Komachi 小町 7″ Damascus Steel Santoku Knife 三徳包丁",Published,,,"Komachi 小町 7″ Damascus Steel Santoku Knife 三徳包丁 Introducing the Komachi 小町 by Shimeru, a premium 7″ santoku knife that embodies timeless Japanese elegance and refined simplicity. Named after the legendary poet celebrated for her grace and beauty, the Komachi is crafted for those who believe true sophistication lies in understated perfection. The blade is forged from 67 layers of premium Damascus steel with a VG10 cutting core, renowned for its exceptional sharpness, durability, and edge retention. The flowing wave pattern across the blade tells the story of traditional forging mastery, while the polished finish ensures smooth, effortless cuts through vegetables, proteins, and delicate ingredients alike. The handle is crafted from rich, deep-grained rosewood with an elegant octagonal profile that sits naturally in the hand. A decorative mosaic pin adds a subtle accent of refinement, while the ergonomic shape provides a secure, comfortable grip that minimises fatigue during extended use.","By the item",,1,350,g,,,,,,,,,,,Published,DMS-126B,,,,,,,,27.99,55.99,,,,,,,,,,,,,,,"https://mnbxtuzlnsywipjsmpuh.supabase.co/storage/v1/object/public/product-images/15445/15591.jpg https://mnbxtuzlnsywipjsmpuh.supabase.co/storage/v1/object/public/product-images/15445/15592.jpg https://mnbxtuzlnsywipjsmpuh.supabase.co/storage/v1/object/public/product-images/15445/15593.jpg https://mnbxtuzlnsywipjsmpuh.supabase.co/storage/v1/object/public/product-images/15445/15594.jpg https://mnbxtuzlnsywipjsmpuh.supabase.co/storage/v1/object/public/product-images/15445/15595.jpg",China,,,,,,No,,,,,,,,,,No,10,,,8211.10
"Kumozu 8'' Damascus Steel Gyuto Knife 牛刀",Published,,,"Kumozu 8'' Damascus Steel Gyuto Knife 牛刀 Elevate your culinary experience with the Kumozu 雲出川 by Shimeru, a premium 8"" gyuto knife that seamlessly blends artisanal craftsmanship with modern elegance. Crafted to meet the standards of discerning chefs and home cooks, this knife is a testament to Japanese tradition and innovation. The blade of the Kumozu gyuto is expertly forged from 67 layers of Damascus steel, offering superior sharpness and resilience. This multi-layered construction not only enhances durability but also unveils a mesmerising, flowing pattern unique to each knife, symbolising the artistry and dedication involved in its creation. The knife's keen edge ensures precision and efficiency in every cut, making it an indispensable tool for tasks ranging from slicing and dicing to chopping and mincing. Distinctive in both function and design, the handle of the Kumozu gyuto is crafted from Ebony hardwood. This exquisite handle not only offers a captivating iridescent beauty but ","By the item",,1,350,g,,,,,,,,,,,Published,DMS-151A,,,,,,,,29.99,59.99,,,,,,,,,,,,,,,"https://mnbxtuzlnsywipjsmpuh.supabase.co/storage/v1/object/public/product-images/12089/15596.jpg https://mnbxtuzlnsywipjsmpuh.supabase.co/storage/v1/object/public/product-images/12089/15597.jpg https://mnbxtuzlnsywipjsmpuh.supabase.co/storage/v1/object/public/product-images/12089/15598.jpg https://mnbxtuzlnsywipjsmpuh.supabase.co/storage/v1/object/public/product-images/12089/15599.jpg https://mnbxtuzlnsywipjsmpuh.supabase.co/storage/v1/object/public/product-images/12089/15600.jpg https://mnbxtuzlnsywipjsmpuh.supabase.co/storage/v1/object/public/product-images/12089/15601.jpg https://mnbxtuzlnsywipjsmpuh.supabase.co/storage/v1/object/public/product-images/12089/15602.jpg",China,,,,,,No,,,,,,,,,,No,9,,,8211.10
"Kushiro 8.3"" Damascus Steel Gyuto Knife 牛刀",Published,,,"Kushiro 8.3"" Damascus Steel Gyuto Knife 牛刀 Introducing the Kushiro 弓削川 8.3"" Damascus Steel Gyuto Knife by Shimeru, a striking blend of traditional Japanese-inspired artistry and modern engineering. Crafted for both professional chefs and passionate home cooks, it delivers precision, balance and durability for every culinary challenge. 69-Layer Hammered Damascus SteelThe blade is forged from 69 layers of premium Damascus steel, creating a razor-sharp edge with remarkable strength and long-lasting performance. The hand-hammered finish not only showcases a mesmerising pattern unique to each knife but also reduces drag and minimizes food adhesion, ensuring smooth and effortless cutting. Carbon Fibre HandleThe handle is crafted from sleek, jet-dark carbon fibre for a bold contemporary look and exceptional durability. Lightweight yet incredibly strong, it provides a secure, comfortable grip that resists moisture, heat and bacteria, making it ideal for both professional kitchens and home use.","By the item",,1,350,g,,,,,,,,,,,Published,DMS-146A,,,,,,,,32.99,64.99,,,,,,,,,,,,,,,"https://mnbxtuzlnsywipjsmpuh.supabase.co/storage/v1/object/public/product-images/10370/15603.jpg https://mnbxtuzlnsywipjsmpuh.supabase.co/storage/v1/object/public/product-images/10370/15604.jpg https://mnbxtuzlnsywipjsmpuh.supabase.co/storage/v1/object/public/product-images/10370/15605.jpg https://mnbxtuzlnsywipjsmpuh.supabase.co/storage/v1/object/public/product-images/10370/15606.jpg https://mnbxtuzlnsywipjsmpuh.supabase.co/storage/v1/object/public/product-images/10370/15607.jpg",China,,,,,,No,,,,,,,,,,No,10,,,8211.10
"Maruyama 8'' Damascus Steel Gyuto Knife 牛刀",Published,,,"Maruyama 8'' Damascus Steel Gyuto Knife 牛刀 Introducing the Maruyama 円山川 by Shimeru, an exquisite 8"" gyuto knife that embodies the perfect blend of traditional craftsmanship and modern elegance. Handcrafted with precision, this premium Japanese kitchen knife is designed for culinary enthusiasts who appreciate both beauty and performance. The blade of the Maruyama gyuto is meticulously forged from 73 layers of Damascus steel, delivering exceptional sharpness and durability. The unique Damascus pattern offers not only aesthetic appeal but also reduces friction, making each slice smoother and more efficient. Whether you’re slicing vegetables, carving meats, or chopping herbs, the knife’s razor-sharp edge ensures unparalleled precision in every cut. Complementing the stunning blade is an ergonomically designed handle made from luxurious olive wood. This material not only provides a comfortable grip but also adds a touch of natural elegance to your kitchen. The handle's smooth finish and bal","By the item",,1,350,g,,,,,,,,,,,Published,DMS-132A,,,,,,,,29.99,59.99,,,,,,,,,,,,,,,"https://mnbxtuzlnsywipjsmpuh.supabase.co/storage/v1/object/public/product-images/12065/15608.jpg https://mnbxtuzlnsywipjsmpuh.supabase.co/storage/v1/object/public/product-images/12065/15609.jpg https://mnbxtuzlnsywipjsmpuh.supabase.co/storage/v1/object/public/product-images/12065/15610.jpg https://mnbxtuzlnsywipjsmpuh.supabase.co/storage/v1/object/public/product-images/12065/15611.jpg https://mnbxtuzlnsywipjsmpuh.supabase.co/storage/v1/object/public/product-images/12065/15612.jpg https://mnbxtuzlnsywipjsmpuh.supabase.co/storage/v1/object/public/product-images/12065/15613.jpg",China,,,,,,No,,,,,,,,,,No,10,,,8211.10
"Misuzu 美鈴 7.5"" Damascus Steel Gyuto Japanese Chef Knife",Published,,,"Misuzu 美鈴 7.5″ Damascus Steel Gyuto Japanese Chef Knife 牛刀 Introducing the Misuzu 美鈴 by Shimeru, a premium 7.5″ gyuto knife that embodies quiet elegance and refined precision. Named after the ""beautiful bell,"" the Misuzu resonates with understated sophistication, a blade for those who appreciate craftsmanship that speaks through performance rather than spectacle. 67-Layer Damascus Steel Perfection The Misuzu's blade is forged from 67 layers of premium Damascus steel with a VG10 cutting core, renowned for its exceptional sharpness, durability, and edge retention. The flowing wave pattern across the blade showcases the artistry of traditional Damascus forging, while the sleek, polished finish allows for smooth, effortless cuts. From delicate slicing to precise detail work, the Misuzu delivers with unwavering consistency. Classic Rosewood Handle The handle is crafted from rich, deep-grained rosewood, offering timeless beauty and natural warmth. A brass mosaic pin provides a subtle accent,","By the item",,1,350,g,,,,,,,,,,,Published,DMS-126A,,,,,,,,29.99,59.99,,,,,,,,,,,,,,,"https://mnbxtuzlnsywipjsmpuh.supabase.co/storage/v1/object/public/product-images/15405/15614.jpg https://mnbxtuzlnsywipjsmpuh.supabase.co/storage/v1/object/public/product-images/15405/15615.jpg https://mnbxtuzlnsywipjsmpuh.supabase.co/storage/v1/object/public/product-images/15405/15616.jpg https://mnbxtuzlnsywipjsmpuh.supabase.co/storage/v1/object/public/product-images/15405/15617.jpg https://mnbxtuzlnsywipjsmpuh.supabase.co/storage/v1/object/public/product-images/15405/15618.jpg",China,,,,,,No,,,,,,,,,,No,10,,,8211.10
"Mizuki 瑞樹 7″ Damascus Steel Santoku Knife 三徳包丁",Published,,,"Mizuki 瑞樹 7″ Damascus Steel Santoku Knife 三徳包丁 Introducing the Mizuki 瑞樹 by Shimeru, a premium 7″ santoku knife that celebrates the enduring beauty of natural craftsmanship. Named after the auspicious ""flourishing tree,"" the Mizuki is forged for those who seek timeless elegance and dependable performance in every cut. The blade is forged from 67 layers of premium Damascus steel with a VG10 cutting core, delivering exceptional sharpness, durability, and edge retention. The distinctive wave pattern across the blade is unique to each knife, a testament to traditional forging mastery. Honed to a precise 12° V-shape edge—significantly sharper than the 20–25° found on typical Western knives—the Mizuki glides effortlessly through vegetables, proteins, and delicate ingredients alike. The handle is crafted from rich, polished rosewood with a full-tang triple-rivet construction, ensuring outstanding strength and balance. The ergonomic Western-style grip fits naturally in the hand, providing secu","By the item",,1,350,g,,,,,,,,,,,Published,DMS-103B,,,,,,,,27.99,55.99,,,,,,,,,,,,,,,"https://mnbxtuzlnsywipjsmpuh.supabase.co/storage/v1/object/public/product-images/15459/15619.jpg https://mnbxtuzlnsywipjsmpuh.supabase.co/storage/v1/object/public/product-images/15459/15620.jpg https://mnbxtuzlnsywipjsmpuh.supabase.co/storage/v1/object/public/product-images/15459/15621.jpg https://mnbxtuzlnsywipjsmpuh.supabase.co/storage/v1/object/public/product-images/15459/15622.jpg https://mnbxtuzlnsywipjsmpuh.supabase.co/storage/v1/object/public/product-images/15459/15623.jpg https://mnbxtuzlnsywipjsmpuh.supabase.co/storage/v1/object/public/product-images/15459/15624.jpg",China,,,,,,No,,,,,,,,,,No,9,,,8211.10
"Natori 8"" Gyuto Knife 牛刀",Published,,,"Natori 8"" Stainless Steel Gyuto Knife 牛刀 Introducing the Natori 名取川 by Shimeru, a premium 8"" gyuto knife that epitomises the harmony of artistry and performance in your kitchen. Engineered for those who value precision and aesthetics, the Natori is a testament to expert Japanese-inspired craftsmanship and innovative design. The blade of the Natori gyuto is meticulously crafted from high-grade AUS10 stainless steel, delivering a knife that is as resilient as it is razor-sharp. This professional-grade steel provides exceptional edge retention and toughness, ensuring lasting sharpness and effortless cutting. Whether you are slicing, dicing or chopping, the Natori’s finely honed edge delivers unmatched precision and fluidity. What sets the Natori apart is its perfectly balanced design, ensuring optimal control and comfort for chefs of all levels. The handle is an exquisite blend of sandalwood and resin, offering an ergonomic grip that marries beauty with functionality. This handle not only","By the item",,1,350,g,,,,,,,,,,,Published,HM-20A,,,,,,,,27.99,54.99,,,,,,,,,,,,,,,"https://mnbxtuzlnsywipjsmpuh.supabase.co/storage/v1/object/public/product-images/12079/15625.jpg https://mnbxtuzlnsywipjsmpuh.supabase.co/storage/v1/object/public/product-images/12079/15626.png https://mnbxtuzlnsywipjsmpuh.supabase.co/storage/v1/object/public/product-images/12079/15627.png https://mnbxtuzlnsywipjsmpuh.supabase.co/storage/v1/object/public/product-images/12079/15628.png",China,,,,,,No,,,,,,,,,,No,10,,,8211.10
"Otaru 小樽 8"" Damascus Steel Gyuto Japanese Chef Knife",Published,,,"Otaru 小樽 8″ Damascus Steel Gyuto Japanese Chef Knife 牛刀 Introducing the Otaru 小樽 by Shimeru, a premium 8″ gyuto knife that commands attention with its striking beauty and formidable performance. Named after the historic port city renowned for its artisan craftsmanship, the Otaru is forged for those who believe a chef's knife should be as bold as the dishes it creates. 67-Layer Damascus Steel Mastery The Otaru's blade is forged from 67 layers of premium Damascus steel surrounding a VG10 core, delivering exceptional sharpness, durability, and corrosion resistance. The captivating wave pattern across the blade is unique to each knife, a signature of traditional Damascus forging techniques. The hammered finish minimises drag and food adhesion, ensuring clean, precise cuts through any ingredient. Vibrant Resin and Burl Wood Handle The handle is a showpiece of artisan design, blending rich burl wood with vivid crimson resin that catches the light with every movement. A turquoise mosaic pin a","By the item",,1,350,g,,,,,,,,,,,Published,DMS-120T-RED,,,,,,,,29.99,59.99,,,,,,,,,,,,,,,"https://mnbxtuzlnsywipjsmpuh.supabase.co/storage/v1/object/public/product-images/15402/15629.jpg https://mnbxtuzlnsywipjsmpuh.supabase.co/storage/v1/object/public/product-images/15402/15630.jpg https://mnbxtuzlnsywipjsmpuh.supabase.co/storage/v1/object/public/product-images/15402/15631.jpg https://mnbxtuzlnsywipjsmpuh.supabase.co/storage/v1/object/public/product-images/15402/15632.jpg https://mnbxtuzlnsywipjsmpuh.supabase.co/storage/v1/object/public/product-images/15402/15633.jpg https://mnbxtuzlnsywipjsmpuh.supabase.co/storage/v1/object/public/product-images/15402/15634.jpg",China,,,,,,No,,,,,,,,,,No,9,,,8211.10
"Raikou 6.5"" Santoku Knife 三徳包丁",Published,,,"Raikou 6.5"" Stainless Steel Santoku Knife 三徳包丁 Introducing the Raikou by Shimeru, a perfectly balanced 6.5"" santoku knife that embodies the essence of Japanese craftsmanship and culinary precision. Designed for both culinary professionals and enthusiastic home cooks, the Kita knife combines traditional artistry with modern functionality, making it an indispensable tool in your kitchen. The knife features a blade crafted from vacuum heat-treated forged stainless steel, which ensures exceptional sharpness, strength, and durability. This innovative treatment process allows the blade to maintain its edge longer while providing excellent resistance to corrosion, ensuring that it remains a reliable companion in your culinary endeavours. The versatile 6.5"" santoku blade is ideal for a variety of tasks, from slicing and dicing to mincing and chopping, making it perfect for everything from vegetable preparation to crafting delicate fish fillets. AUS10 Stainless Steel BladeForged from premium AU","By the item",,1,350,g,,,,,,,,,,,Published,TD-0012B,,,,,,,,19.99,39.99,,,,,,,,,,,,,,,"https://mnbxtuzlnsywipjsmpuh.supabase.co/storage/v1/object/public/product-images/12102/15635.jpg https://mnbxtuzlnsywipjsmpuh.supabase.co/storage/v1/object/public/product-images/12102/15636.jpg https://mnbxtuzlnsywipjsmpuh.supabase.co/storage/v1/object/public/product-images/12102/15637.jpg https://mnbxtuzlnsywipjsmpuh.supabase.co/storage/v1/object/public/product-images/12102/15638.jpg https://mnbxtuzlnsywipjsmpuh.supabase.co/storage/v1/object/public/product-images/12102/15639.jpg https://mnbxtuzlnsywipjsmpuh.supabase.co/storage/v1/object/public/product-images/12102/15640.jpg",China,,,,,,No,,,,,,,,,,No,7,,,8211.10
"Rumoi 10"" Japanese Bread Knife パン切りナイフ",Published,,,"Rumoi 10"" Japanese Bread Knife パン切りナイフ The Rumoi 10"" Japanese Bread Knife blends traditional craftsmanship with modern steel technology to create a tool of exceptional sharpness and lasting beauty. Designed for the discerning chef or passionate home baker, it slices through everything from crusty artisan loaves to soft brioche with precision and ease. Premium AUS Stainless SteelForged from high-grade AUS stainless steel, the blade offers superb hardness and edge retention for long-term performance. The finely serrated edge glides cleanly through bread without crushing the crumb, while the hammered finish helps reduce drag and keeps each cut smooth. Mkuruti Wood HandleThe handle is crafted from richly grained Mkuruti wood, prized for its warm tones and natural strength. Its octagonal shape is carefully balanced for a secure, comfortable grip, giving you control and confidence even during long baking sessions. Effortless Performance and Elegant DesignPerfect weight distribution and profe","By the item",,1,350,g,,,,,,,,,,,Published,HM-19H,,,,,,,,25.99,50.99,,,,,,,,,,,,,,,"https://mnbxtuzlnsywipjsmpuh.supabase.co/storage/v1/object/public/product-images/10935/15641.jpg https://mnbxtuzlnsywipjsmpuh.supabase.co/storage/v1/object/public/product-images/10935/15642.jpg https://mnbxtuzlnsywipjsmpuh.supabase.co/storage/v1/object/public/product-images/10935/15643.jpg https://mnbxtuzlnsywipjsmpuh.supabase.co/storage/v1/object/public/product-images/10935/15644.jpg https://mnbxtuzlnsywipjsmpuh.supabase.co/storage/v1/object/public/product-images/10935/15645.jpg https://mnbxtuzlnsywipjsmpuh.supabase.co/storage/v1/object/public/product-images/10935/15646.jpg",China,,,,,,No,,,,,,,,,,No,4,,,8211.10
"Saba 7"" Stainless Steel Cleaver  中華包丁",Published,,,"Introducing the Saba 佐波川 Hand-Forged Japanese Stainless Steel Cleaver 中華包 by Shimeru, a masterpiece of culinary art designed for both professional chefs and passionate home cooks. This exquisite cleaver features an 8-inch razor-sharp blade, expertly crafted from top-quality Japanese stainless steel. Renowned for its enduring sharpness and exceptional durability, this blade ensures precision with every cut, whether slicing through meat, chopping vegetables, or dicing herbs. Complementing the impeccable blade is a meticulously crafted handle made from African Wedge hardwood. Known for its strength and unique grain patterns, the handle not only provides a comfortable, balanced grip but also adds a touch of elegance to your kitchen. The seamless integration of the handle and blade ensures stability and control, enhancing your culinary experience. With a blend of traditional craftsmanship and modern innovation, the Saba Hand-Forged Cleaver is not just a tool, but an investment in quality an","By the item",,1,350,g,,,,,,,,,,,Published,HM-62-1,,,,,,,,17.99,34.99,,,,,,,,,,,,,,,"https://mnbxtuzlnsywipjsmpuh.supabase.co/storage/v1/object/public/product-images/11567/15647.jpg https://mnbxtuzlnsywipjsmpuh.supabase.co/storage/v1/object/public/product-images/11567/15648.png https://mnbxtuzlnsywipjsmpuh.supabase.co/storage/v1/object/public/product-images/11567/15649.png https://mnbxtuzlnsywipjsmpuh.supabase.co/storage/v1/object/public/product-images/11567/15650.png https://mnbxtuzlnsywipjsmpuh.supabase.co/storage/v1/object/public/product-images/11567/15651.png",China,,,,,,No,,,,,,,,,,No,20,,,8211.10
"Sakawa 8.5"" Damascus Steel Gyuto Knife 牛刀",Published,,,"Sakawa 8.5"" Damascus Steel Gyuto Knife 牛刀 Introducing the Sakawa 酒匂川 by Shimeru, a premium 8.5"" gyuto knife that stands as a hallmark of exceptional craftsmanship and innovative design. Perfectly balanced and crafted for both professional chefs and passionate home cooks, the Sakawa is a versatile culinary tool that elevates your cooking experience to new heights. The blade of the Sakawa is crafted from 67 layers of curated forged Damascus steel, renowned for its outstanding sharpness, durability, and unique aesthetic appeal. The intricate pattern on the blade not only highlights the artistry involved in its creation but also ensures reduced friction for smoother, precision cuts. Whether you’re slicing, dicing, or chopping, the Sakawa’s razor-sharp edge will make quick work of any culinary task, from preparing fresh vegetables and herbs to carving meats and fish. Designed for comfort and efficiency, the Sakawa features an ergonomic, hand-made carved handle made from a striking dark ebon","By the item",,1,350,g,,,,,,,,,,,Published,DMS-119G,,,,,,,,29.99,59.99,,,,,,,,,,,,,,,"https://mnbxtuzlnsywipjsmpuh.supabase.co/storage/v1/object/public/product-images/12094/15652.jpg https://mnbxtuzlnsywipjsmpuh.supabase.co/storage/v1/object/public/product-images/12094/15653.jpg https://mnbxtuzlnsywipjsmpuh.supabase.co/storage/v1/object/public/product-images/12094/15654.jpg https://mnbxtuzlnsywipjsmpuh.supabase.co/storage/v1/object/public/product-images/12094/15655.jpg https://mnbxtuzlnsywipjsmpuh.supabase.co/storage/v1/object/public/product-images/12094/15656.jpg",China,,,,,,No,,,,,,,,,,No,10,,,8211.10
"Sendai 7"" Damascus Steel Santoku Knife 三徳包丁",Published,,,"Sendai 7"" Damascus Steel Santoku Knife 三徳包丁 Introducing the Sendai 千代川 by Shimeru, a premium 7"" santoku knife that embodies the perfect blend of craftsmanship, performance, and style. Designed for both professional chefs and home cooking enthusiasts, the Sendai knife is a versatile culinary tool that promises to elevate your food preparation experience. Crafted from 67 layers of expertly forged Damascus steel, the blade of the Sendai offers exceptional durability and sharpness. The intricate patterns of the Damascus steel not only create a stunning visual appeal but also enhance the knife's performance by minimising friction during cutting. Whether you are dicing vegetables, slicing meats, or mincing herbs, the Sendai performs with remarkable precision and effortless control. The handle is made from genuine olive hardwood and will last as long as the blade. What truly sets the Sendai apart is its perfectly balanced design, allowing for smooth handling and manoeuvrability. The knife fea","By the item",,1,350,g,,,,,,,,,,,Published,DMS-132B,,,,,,,,27.99,55.99,,,,,,,,,,,,,,,"https://mnbxtuzlnsywipjsmpuh.supabase.co/storage/v1/object/public/product-images/12084/15657.jpg https://mnbxtuzlnsywipjsmpuh.supabase.co/storage/v1/object/public/product-images/12084/15658.jpg https://mnbxtuzlnsywipjsmpuh.supabase.co/storage/v1/object/public/product-images/12084/15659.jpg https://mnbxtuzlnsywipjsmpuh.supabase.co/storage/v1/object/public/product-images/12084/15660.jpg https://mnbxtuzlnsywipjsmpuh.supabase.co/storage/v1/object/public/product-images/12084/15661.jpg",China,,,,,,No,,,,,,,,,,No,9,,,8211.10
"Sendai 8"" Steel Gyuto Knife 牛刀",Published,,,"Sendai 8"" Stainless Steel Gyuto Knife 牛刀 Introducing the Sendai 千代川 by Shimeru, a premium 8"" gyuto knife that harmoniously combines artful craftsmanship with exceptional performance. Designed for both culinary professionals and home cooks, this perfectly balanced knife is an essential addition to any kitchen, offering precision and versatility in food preparation. The blade of the Sendai is expertly forged from high-quality stainless steel which provides outstanding durability and edge retention. The razor-sharp edge is carefully honed to ensure effortless cutting, slicing and chopping, making it ideal for a wide array of tasks. From dicing vegetables and mincing herbs to trimming meat and preparing delicate fish, the Sendai excels in every culinary challenge. One of the standout features of the Sendai is its ergonomic handle, crafted from richly grained Mkuruti wood. This naturally beautiful wood offers strength and warmth while providing a comfortable, secure grip that minimizes hand","By the item",,1,350,g,,,,,,,,,,,Published,HM-6A,,,,,,,,19.99,39.99,,,,,,,,,,,,,,,"https://mnbxtuzlnsywipjsmpuh.supabase.co/storage/v1/object/public/product-images/12068/15662.jpg https://mnbxtuzlnsywipjsmpuh.supabase.co/storage/v1/object/public/product-images/12068/15663.png https://mnbxtuzlnsywipjsmpuh.supabase.co/storage/v1/object/public/product-images/12068/15664.png https://mnbxtuzlnsywipjsmpuh.supabase.co/storage/v1/object/public/product-images/12068/15665.png https://mnbxtuzlnsywipjsmpuh.supabase.co/storage/v1/object/public/product-images/12068/15666.png",China,,,,,,No,,,,,,,,,,No,4,,,8211.10
"Shikoku 7"" Damascus Steel Kengata Santoku 三徳包丁",Published,,,"Shikoku 7"" Damascus Steel Kengata Santoku 三徳包丁 The Shikoku 7"" Damascus Steel Kengata Santoku unites striking Japanese design with exceptional modern performance, crafted for chefs and home cooks who demand both beauty and precision. 67-Layer AUS10 Damascus SteelAt its core is premium AUS10 steel, clad in 67 layers of Damascus for superb hardness, edge retention and unique visual character. The intricate wave pattern is revealed in every layer, creating a blade that is as captivating as it is razor-sharp. Honed to a precise 8–12° cutting angle, it delivers effortless, scalpel-like precision through vegetables, meats and fish. Rosewood HandleThe handle is shaped from richly grained rosewood, offering natural warmth and enduring strength. Its elegant contours and perfect balance provide a secure, comfortable grip, ensuring confident control during both delicate slicing and heavy chopping. Kengata Blade ProfileThe distinct Kengata (sword-tip) profile combines the versatility of a Santoku w","By the item",,1,350,g,,,,,,,,,,,Published,DMS-148B,,,,,,,,27.99,55.99,,,,,,,,,,,,,,,"https://mnbxtuzlnsywipjsmpuh.supabase.co/storage/v1/object/public/product-images/10083/15667.jpg https://mnbxtuzlnsywipjsmpuh.supabase.co/storage/v1/object/public/product-images/10083/15668.jpg https://mnbxtuzlnsywipjsmpuh.supabase.co/storage/v1/object/public/product-images/10083/15669.jpg https://mnbxtuzlnsywipjsmpuh.supabase.co/storage/v1/object/public/product-images/10083/15670.jpg https://mnbxtuzlnsywipjsmpuh.supabase.co/storage/v1/object/public/product-images/10083/15671.jpg https://mnbxtuzlnsywipjsmpuh.supabase.co/storage/v1/object/public/product-images/10083/15672.jpg",China,,,,,,No,,,,,,,,,,No,9,,,8211.10
"Shikoku 7"" Nakiri Knife 菜切り包丁",Published,,,"Shikoku 7"" Nakiri Knife 菜切り包丁 The Shikoku 7"" Nakiri Knife delivers the precision and balance of professional Japanese-style cutlery, designed to make vegetable preparation effortless and elegant. Its broad blade and fine edge transform everyday chopping into a smooth, controlled experience. AUS10 Steel CoreForged from premium AUS10 steel, the blade combines impressive hardness with excellent edge retention. Honed to a razor-sharp cutting angle, it glides through everything from tender herbs to dense root vegetables. The hammered finish across the upper blade reduces drag and prevents food from sticking, ensuring each cut is clean and efficient. Olive Wood HandleThe handle is crafted from golden olive wood, prized for its warm color and naturally intricate grain. Smooth and beautifully contoured, it offers a comfortable, balanced grip that remains secure even during long prep sessions. Its octagonal design provides both control and elegance for chefs and home cooks alike. Effortless Cut","By the item",,1,350,g,,,,,,,,,,,Published,HM-19C1,,,,,,,,24.99,49.99,,,,,,,,,,,,,,,"https://mnbxtuzlnsywipjsmpuh.supabase.co/storage/v1/object/public/product-images/10106/15673.jpg https://mnbxtuzlnsywipjsmpuh.supabase.co/storage/v1/object/public/product-images/10106/15674.jpg https://mnbxtuzlnsywipjsmpuh.supabase.co/storage/v1/object/public/product-images/10106/15675.jpg https://mnbxtuzlnsywipjsmpuh.supabase.co/storage/v1/object/public/product-images/10106/15676.jpg https://mnbxtuzlnsywipjsmpuh.supabase.co/storage/v1/object/public/product-images/10106/15677.jpg https://mnbxtuzlnsywipjsmpuh.supabase.co/storage/v1/object/public/product-images/10106/15678.jpg",China,,,,,,No,,,,,,,,,,No,9,,,8211.10
"Shinano  信濃川 Damascus Pattern Stainless Steel Kitchen 8 Knif",Published,,,"The Shinano 信濃川 Damascus Pattern Series Knives by Shimeru. Our eye-catching, unique handle designs are made from ergonomic blue resin, which is chemically stabilised. Highly impervious to heat, cold and moisture with military-grade strength and life-long durability. What's in the Range? The collection features a knife for every possible kitchen need and requirement. Available in this set are: Shinano 7"" Nakiri knife 菜切り包丁 Shinano 7"" Santuko knife 三徳包丁 Shinano 8"" Bread Knife パン切りナイフ Shinano 8"" Kiritsuke knife 切り付け包丁 Shinano 5"" Petty knife ペティナイフ Shinano 5"" Santuko Knife 三徳包丁 Shinano 3.5"" Fruit knife フルーツナイフ Shinano 6"" Boning/Filleting knife 骨抜きナイフ Masterfully forged from professional-grade High-Carbon Steel, the Shinano Collection features individually forged kitchen knives that are built to last so that you never need another kitchen knife set again. The knives are etched with a traditional Damascus pattern, paying homage to a style of knife-making whose history stretches back over 100","By the item",,1,1200,g,,,,,,,,,,,Published,SHINANO-SET-8PC,,,,,,,,67.99,134.99,,,,,,,,,,,,,,,"https://mnbxtuzlnsywipjsmpuh.supabase.co/storage/v1/object/public/product-images/9205/15829.jpg https://mnbxtuzlnsywipjsmpuh.supabase.co/storage/v1/object/public/product-images/9205/9182.webp https://mnbxtuzlnsywipjsmpuh.supabase.co/storage/v1/object/public/product-images/9205/15828.jpg https://mnbxtuzlnsywipjsmpuh.supabase.co/storage/v1/object/public/product-images/9205/15830.jpg https://mnbxtuzlnsywipjsmpuh.supabase.co/storage/v1/object/public/product-images/9205/15831.jpg https://mnbxtuzlnsywipjsmpuh.supabase.co/storage/v1/object/public/product-images/9205/15832.jpg https://mnbxtuzlnsywipjsmpuh.supabase.co/storage/v1/object/public/product-images/9205/15833.jpg https://mnbxtuzlnsywipjsmpuh.supabase.co/storage/v1/object/public/product-images/9205/15834.jpg https://mnbxtuzlnsywipjsmpuh.supabase.co/storage/v1/object/public/product-images/9205/15835.jpg https://mnbxtuzlnsywipjsmpuh.supabase.co/storage/v1/object/public/product-images/9205/15836.jpg",China,,,,,,No,,,,,,,,,,No,7,,,8211.10
"Shirakawa 白川 8"" Damascus Steel Gyuto Knife 牛刀",Published,,,"Shirakawa 白川 8″ Damascus Steel Gyuto Knife 牛刀 Introducing the Shirakawa 白川 by Shimeru, a premium 8″ gyuto knife that captures the essence of purity and precision. Named after the pristine white rivers of Japan, the Shirakawa combines striking visual beauty with exceptional cutting performance, crafted for chefs and home cooks who refuse to compromise on quality. 67-Layer Damascus Steel Excellence The Shirakawa's blade is forged from 67 layers of premium Damascus steel, encasing a razor-sharp VG10 core renowned for its edge retention and durability. The distinctive wave pattern etched into every blade is a testament to traditional forging techniques, while the hammered finish reduces drag for smoother, more effortless cuts. Whether you're slicing delicate sashimi, dicing vegetables, or breaking down proteins, the Shirakawa delivers precision with every stroke. Luminous Handle Design The handle is a stunning composition of rich lofidied wood crowned with lustrous white resin, evoking the","By the item",,1,350,g,,,,,,,,,,,Published,DMS-136A,,,,,,,,29.99,59.99,,,,,,,,,,,,,,,"https://mnbxtuzlnsywipjsmpuh.supabase.co/storage/v1/object/public/product-images/15370/15679.jpg https://mnbxtuzlnsywipjsmpuh.supabase.co/storage/v1/object/public/product-images/15370/15680.jpg https://mnbxtuzlnsywipjsmpuh.supabase.co/storage/v1/object/public/product-images/15370/15681.jpg https://mnbxtuzlnsywipjsmpuh.supabase.co/storage/v1/object/public/product-images/15370/15682.jpg https://mnbxtuzlnsywipjsmpuh.supabase.co/storage/v1/object/public/product-images/15370/15683.jpg https://mnbxtuzlnsywipjsmpuh.supabase.co/storage/v1/object/public/product-images/15370/15684.jpg",China,,,,,,No,,,,,,,,,,No,10,,,8211.10
"Suma 4.5"" Damascus Steel Steak Knife Set 4 pieces ステーキナイフ",Published,,,"Suma 須磨 4.5″ Damascus Steel Steak Knife Set (4 Pieces) ステーキナイフ Introducing the Suma 須磨 by Shimeru, a premium set of four 4.5″ steak knives that bring the artistry of Japanese craftsmanship to your dining table. Named after the tranquil shores of Suma, these knives transform every meal into an occasion—where precision meets elegance and performance becomes ritual. 67-Layer Damascus Steel Precision Each Suma steak knife is individually forged from 67 layers of premium Damascus steel, encasing a VG10 core with a Rockwell hardness of 62 HRC for exceptional edge retention and durability. The distinctive wave pattern across each blade is a testament to traditional forging mastery. Honed to a razor-sharp 15° edge, significantly finer than the 20–25° found on typical Western knives, the Suma cuts through steak with effortless precision, preserving the juices and texture of every cut. G10 Ergonomic Handle The handle is crafted from military-grade G10 fibre, renowned for its strength, durability","By the item",,1,1200,g,,,,,,,,,,,Published,DMS-008S-4pcs,,,,,,,,49.99,99.99,,,,,,,,,,,,,,,"https://mnbxtuzlnsywipjsmpuh.supabase.co/storage/v1/object/public/product-images/7693/15413.jpg https://mnbxtuzlnsywipjsmpuh.supabase.co/storage/v1/object/public/product-images/7693/15412.jpg https://mnbxtuzlnsywipjsmpuh.supabase.co/storage/v1/object/public/product-images/7693/15411.jpg https://mnbxtuzlnsywipjsmpuh.supabase.co/storage/v1/object/public/product-images/7693/15410.jpg https://mnbxtuzlnsywipjsmpuh.supabase.co/storage/v1/object/public/product-images/7693/15409.jpg",China,,,,,,No,,,,,,,,,,No,5,,,8211.10
"Tenjin 8"" Stainless Steel Gyuto Knife 牛刀",Published,,,"Tenjin 8"" Stainless Steel Gyuto Knife 牛刀 Presenting the Tenjin 天神川 by Shimeru, a premium 8"" gyuto knife that exemplifies the pinnacle of Japanese-inspired craftsmanship and innovation. Designed for both the dedicated professional chef and the passionate home cook, the Tenjin offers an exceptional balance of performance, beauty and versatility, making it an essential addition to any kitchen. The blade of the Tenjin is expertly crafted from vacuum heat-treated AUS10 stainless steel, delivering outstanding sharpness, durability and resistance to corrosion. This advanced treatment process ensures the blade maintains its keen edge longer, allowing for precise and effortless cuts in all your culinary tasks. With its sleek, refined design, the Tenjin is ideal for a variety of uses, from thinly slicing delicate vegetables to efficiently chopping meats and fish, making it a true all-rounder in meal preparation. What truly sets the Tenjin apart is its ergonomic handle, meticulously crafted from ","By the item",,1,350,g,,,,,,,,,,,Published,HM-19A,,,,,,,,24.99,49.99,,,,,,,,,,,,,,,"https://mnbxtuzlnsywipjsmpuh.supabase.co/storage/v1/object/public/product-images/12098/15685.jpg https://mnbxtuzlnsywipjsmpuh.supabase.co/storage/v1/object/public/product-images/12098/15686.png https://mnbxtuzlnsywipjsmpuh.supabase.co/storage/v1/object/public/product-images/12098/15687.png https://mnbxtuzlnsywipjsmpuh.supabase.co/storage/v1/object/public/product-images/12098/15688.png https://mnbxtuzlnsywipjsmpuh.supabase.co/storage/v1/object/public/product-images/12098/15689.png https://mnbxtuzlnsywipjsmpuh.supabase.co/storage/v1/object/public/product-images/12098/15690.jpg https://mnbxtuzlnsywipjsmpuh.supabase.co/storage/v1/object/public/product-images/12098/15691.jpg",China,,,,,,No,,,,,,,,,,No,9,,,8211.10
"Tetsuya 5.7"" Butcher Knife with Leather Sheath",Published,,,"The Tetsuya 5.7"" Butcher Knife captures the spirit of “iron philosophy,” uniting strength, precision and traditional craftsmanship in a striking, functional design. Built for both professional chefs and outdoor enthusiasts, it is the perfect companion for serious butchery and grilling. 5Cr15MoV Stainless Steel BladeForged from premium 5Cr15MoV stainless steel, the blade delivers excellent hardness, corrosion resistance and long-lasting edge retention. The hand-hammered finish reduces drag and helps prevent food from sticking, allowing clean, powerful cuts through meat and bone. Rosewood HandleThe contoured rosewood handle provides natural warmth and durability. Triple-riveted for strength and perfectly balanced for control, it offers a secure, comfortable grip even during long or demanding tasks. Protective Leather SheathA custom leather sheath keeps the Tetsuya safely protected during storage or travel and makes it easy to carry from kitchen to campsite. Power and PrecisionThe Tetsuya","By the item",,1,350,g,,,,,,,,,,,Published,FIB-30-BROWN,,,,,,,,17.99,34.99,,,,,,,,,,,,,,,"https://mnbxtuzlnsywipjsmpuh.supabase.co/storage/v1/object/public/product-images/14504/15692.jpg https://mnbxtuzlnsywipjsmpuh.supabase.co/storage/v1/object/public/product-images/14504/15693.png https://mnbxtuzlnsywipjsmpuh.supabase.co/storage/v1/object/public/product-images/14504/15694.png https://mnbxtuzlnsywipjsmpuh.supabase.co/storage/v1/object/public/product-images/14504/15695.png https://mnbxtuzlnsywipjsmpuh.supabase.co/storage/v1/object/public/product-images/14504/15696.jpg https://mnbxtuzlnsywipjsmpuh.supabase.co/storage/v1/object/public/product-images/14504/15697.jpg",China,,,,,,No,,,,,,,,,,No,2,,,8211.10
"Tokachi 8.5"" Gyuto Chef Knife  牛刀",Published,,,"Tokachi 8.5"" Stainless Steel Gyuto/Chef Knife 牛刀 The Tokachi トカㇷ゚チ by Shimeru is a premium 8.5"" gyuto chef knife that blends modern performance with timeless craftsmanship. Designed for both professional chefs and passionate home cooks, it offers the precision, balance and versatility needed for every culinary task. The blade is expertly forged from high-quality stainless steel to deliver exceptional durability and edge retention. Honed to a fine 15° cutting angle, it glides effortlessly through vegetables, meats and fish, ensuring clean and precise cuts whether you are chopping, dicing or slicing. Its handle is crafted from richly grained Mkuruti wood, prized for its natural strength and warm, distinctive character. Smooth and comfortable in the hand, the handle’s carefully contoured oval shape provides a secure, well-balanced grip that reduces fatigue and enhances control even during long prep sessions. Built to withstand the rigours of everyday cooking while retaining its sharpness ","By the item",,1,350,g,,,,,,,,,,,Published,HM-51A,,,,,,,,20.99,40.99,,,,,,,,,,,,,,,"https://mnbxtuzlnsywipjsmpuh.supabase.co/storage/v1/object/public/product-images/10633/15703.jpg https://mnbxtuzlnsywipjsmpuh.supabase.co/storage/v1/object/public/product-images/10633/15704.jpg https://mnbxtuzlnsywipjsmpuh.supabase.co/storage/v1/object/public/product-images/10633/15705.jpg https://mnbxtuzlnsywipjsmpuh.supabase.co/storage/v1/object/public/product-images/10633/15706.jpg https://mnbxtuzlnsywipjsmpuh.supabase.co/storage/v1/object/public/product-images/10633/15707.jpg https://mnbxtuzlnsywipjsmpuh.supabase.co/storage/v1/object/public/product-images/10633/15708.jpg",China,,,,,,No,,,,,,,,,,No,8,,,8211.10
"Tokachi 8"" Damascus Steel Bread Knife  パン切りナイフ",Published,,,"Tokachi 8"" Damascus Steel Bread Knife パン切りナイフ The Tokachi 8"" Damascus Steel Bread Knife combines striking design with professional-grade performance to create an essential tool for every discerning kitchen. From its rippling Damascus blade to its artfully crafted handle, every detail reflects refinement and strength. 67-Layer VG10 Damascus ExcellenceAt the core of the Tokachi lies a premium Japanese VG10 steel core, clad in 33 layers of Damascus steel on each side. This 67-layer construction, hardened to HRC 62, delivers exceptional edge retention and long-lasting sharpness. The finely serrated 15° edge glides through crusty loaves and delicate pastries alike, ensuring clean, effortless slices every time. Resin and Hardwood HandleThe handle is a distinctive blend of shimmering resin and richly figured hardwood, creating a unique marbled pattern in every piece. Waterproof, antibacterial, heat-resistant and non-slip, it provides a firm yet comfortable grip, even during long baking sessio","By the item",,1,350,g,,,,,,,,,,,Published,DMS-136H,,,,,,,,29.99,59.99,,,,,,,,,,,,,,,"https://mnbxtuzlnsywipjsmpuh.supabase.co/storage/v1/object/public/product-images/10638/15698.jpg https://mnbxtuzlnsywipjsmpuh.supabase.co/storage/v1/object/public/product-images/10638/15699.jpg https://mnbxtuzlnsywipjsmpuh.supabase.co/storage/v1/object/public/product-images/10638/15700.jpg https://mnbxtuzlnsywipjsmpuh.supabase.co/storage/v1/object/public/product-images/10638/15701.jpg https://mnbxtuzlnsywipjsmpuh.supabase.co/storage/v1/object/public/product-images/10638/15702.jpg",China,,,,,,No,,,,,,,,,,No,8,,,8211.10
"Toyo 7"" Stainless Steel Cleaver 中華包丁",Published,,,"Toyo 豊川 7"" Stainless Steel Cleaver 中華包丁 Introducing the Toyo 豊川 Hand-Forged Japanese Stainless Steel Cleaver by Shimeru, an essential tool for culinary enthusiasts who value precision and craftsmanship. This meticulously designed cleaver features a 7-inch blade expertly crafted from premium Japanese stainless steel, renowned for its robustness and sharpness. Enhancing the blade's durability and performance is an anti-rust oil coating, ensuring long-lasting protection against corrosion and maintaining its pristine condition, even with frequent use. This feature makes it ideal for the demands of both professional kitchens and home chefs who require reliability and ease of maintenance. The cleaver's design is completed with a carefully crafted hardwood handle, providing a comfortable and secure grip during any cutting task. The handle's natural beauty and durable construction ensure both a stylish appearance and a balanced feel in the hand, ideal for precision chopping, slicing, and dicin","By the item",,1,350,g,,,,,,,,,,,Published,HM-62-2,,,,,,,,17.99,34.99,,,,,,,,,,,,,,,"https://mnbxtuzlnsywipjsmpuh.supabase.co/storage/v1/object/public/product-images/11572/15709.jpg https://mnbxtuzlnsywipjsmpuh.supabase.co/storage/v1/object/public/product-images/11572/15710.png https://mnbxtuzlnsywipjsmpuh.supabase.co/storage/v1/object/public/product-images/11572/15711.png https://mnbxtuzlnsywipjsmpuh.supabase.co/storage/v1/object/public/product-images/11572/15712.png https://mnbxtuzlnsywipjsmpuh.supabase.co/storage/v1/object/public/product-images/11572/15713.png",China,,,,,,No,,,,,,,,,,No,29,,,8211.10
"Yamato 8"" Damascus Steel Gyuto Knife 牛刀",Published,,,"Yamato 8"" Damascus Steel Gyuto Knife 牛刀 Shimeru presents the Yamato 大和川 Damascus Steel Knife, a masterpiece of precision and elegance that brings the finest craftsmanship to your kitchen. Hand-forged from 67 layers of premium Damascus steel, this gyuto is designed for chefs and home cooks who demand both exceptional performance and breathtaking design. Exquisite Damascus CraftsmanshipEach blade is forged with meticulous care, creating a striking Damascus pattern that is both beautiful and functional. The layered steel delivers an HRC hardness of 62–64, ensuring a razor-sharp edge that holds its keen performance through countless preparations. Perfectly balanced and hand-finished, it glides through meats, vegetables and fish with effortless precision. Resin and Burlwood HandleThe handle blends vibrant blue resin with natural burlwood, creating a one-of-a-kind visual masterpiece. Every handle features unique patterns of swirling resin and warm wood grain, offering a comfortable, secure g","By the item",,1,350,g,,,,,,,,,,,Published,DMS-122A,,,,,,,,29.99,59.99,,,,,,,,,,,,,,,"https://mnbxtuzlnsywipjsmpuh.supabase.co/storage/v1/object/public/product-images/7439/15714.jpg https://mnbxtuzlnsywipjsmpuh.supabase.co/storage/v1/object/public/product-images/7439/15715.jpg https://mnbxtuzlnsywipjsmpuh.supabase.co/storage/v1/object/public/product-images/7439/15716.jpg",China,,,,,,No,,,,,,,,,,No,7,,,8211.10
"Yodo 7.5"" Santoku Knife 三徳包丁",Published,,,"Yodo 7.5"" Stainless Steel Santoku Knife 三徳包丁 The Yodo 7.5"" Santoku Knife blends Japanese-inspired craftsmanship with modern AUS10 stainless steel performance, designed to bring professional precision and elegance to every kitchen. AUS10 Stainless Steel BladeForged from premium AUS10 stainless steel, the blade offers a perfect balance of hardness, toughness and long-lasting edge retention. Honed to a fine 15° cutting angle, it delivers razor-sharp precision for slicing vegetables, meats and fish with ease. The subtle hammered finish helps reduce drag and keeps ingredients from sticking, allowing each cut to glide smoothly. Mkuruti Wood HandleCrafted from richly grained Mkuruti wood, the handle brings natural warmth and exceptional durability. Its octagonal profile provides a secure, comfortable grip and perfect balance, ensuring control and confidence even during long prep sessions. Effortless Culinary PerformanceIdeal for chopping, dicing and mincing, the Yodo Santoku is perfectly weig","By the item",,1,350,g,,,,,,,,,,,Published,YODO-SANTOKU,,,,,,,,22.99,44.99,,,,,,,,,,,,,,,"https://mnbxtuzlnsywipjsmpuh.supabase.co/storage/v1/object/public/product-images/10413/14593.webp https://mnbxtuzlnsywipjsmpuh.supabase.co/storage/v1/object/public/product-images/10413/14592.webp https://mnbxtuzlnsywipjsmpuh.supabase.co/storage/v1/object/public/product-images/10413/14591.webp https://mnbxtuzlnsywipjsmpuh.supabase.co/storage/v1/object/public/product-images/10413/14590.webp https://mnbxtuzlnsywipjsmpuh.supabase.co/storage/v1/object/public/product-images/10413/14589.webp",China,,,,,,No,,,,,,,,,,No,8,,,8211.10
"Yoshii 8″ Damascus Steel Gyuto Knife 牛刀",Published,,,"Yoshii 8"" Damascus Steel Gyuto Knife 牛刀 Introducing the Yoshii 吉井 8"" Gyuto Knife, an embodiment of elegance and precision, designed for those who seek the finest in culinary craftsmanship. This exquisite knife epitomizes the art of Japanese sword-making, offering unmatched performance wrapped in opulent beauty. Masterful Blade Construction: At the heart of the Yoshii Gyuto lies an impeccably forged blade, crafted from 67 layers of premium Damascus steel. This luxurious construction not only ensures superior sharpness and resilience but also showcases a mesmerizing wave pattern unique to Damascus craftsmanship. The hammered finish further enhances its allure while reducing drag, allowing for smoother, more precise cuts. Stunning Handle Design: The handle of the Yoshii knife is a true masterpiece, blending stable wood with the rich, warm tones of copper. This combination not only provides a striking contrast but also offers exceptional durability and comfort. The ergonomic design ensures","By the item",,1,350,g,,,,,,,,,,,Published,YOSHII-GYUTO,,,,,,,,29.99,59.99,,,,,,,,,,,,,,,"https://mnbxtuzlnsywipjsmpuh.supabase.co/storage/v1/object/public/product-images/10969/15723.png https://mnbxtuzlnsywipjsmpuh.supabase.co/storage/v1/object/public/product-images/10969/15724.webp https://mnbxtuzlnsywipjsmpuh.supabase.co/storage/v1/object/public/product-images/10969/10961.webp https://mnbxtuzlnsywipjsmpuh.supabase.co/storage/v1/object/public/product-images/10969/10963.webp https://mnbxtuzlnsywipjsmpuh.supabase.co/storage/v1/object/public/product-images/10969/10965.webp https://mnbxtuzlnsywipjsmpuh.supabase.co/storage/v1/object/public/product-images/10969/10967.webp",China,,,,,,No,,,,,,,,,,No,55,,,8211.10
"Yubestu 8.5"" Kiritsuke Knife 切り付け包丁",Published,,,"Yubetsu 8.5"" Kiritsuke Knife 切り付け包丁 Experience the perfect harmony of beauty and performance with the Yubetsu 8.5"" Kiritsuke Knife, a blade designed to make every home chef feel like a culinary professional. From its striking hammered finish to the rich, polished tones of its handle, every detail is crafted to inspire confidence and elevate your cooking ritual. Exquisite Blade CraftsmanshipThe razor-sharp edge is hand-finished to a mirror polish and honed to a precise 8–12° angle, delivering scalpel-like precision for everything from fine vegetable work to carving meats. The subtle hammered texture not only adds visual drama but also reduces food adhesion, allowing ingredients to release effortlessly with each slice. Mkuruti Wood Handle EleganceThe handle is crafted from richly grained Mkuruti wood, prized for its natural depth of color and distinctive marbling. Its warm, smooth surface offers a secure, comfortable grip, while the faceted profile provides excellent balance and control ","By the item",,1,350,g,,,,,,,,,,,Published,HM-6K,,,,,,,,22.99,45.99,,,,,,,,,,,,,,,"https://mnbxtuzlnsywipjsmpuh.supabase.co/storage/v1/object/public/product-images/10719/15717.jpg https://mnbxtuzlnsywipjsmpuh.supabase.co/storage/v1/object/public/product-images/10719/15718.png https://mnbxtuzlnsywipjsmpuh.supabase.co/storage/v1/object/public/product-images/10719/15719.png https://mnbxtuzlnsywipjsmpuh.supabase.co/storage/v1/object/public/product-images/10719/15720.png https://mnbxtuzlnsywipjsmpuh.supabase.co/storage/v1/object/public/product-images/10719/15721.png",China,,,,,,No,,,,,,,,,,No,8,,,8211.10