Name,SKU,Price GBP,Import GBP
"Gyuto 8.0"" Damascus",DMS-151A,17.62,1.87
"Gyuto 7.9"" Damascus",DMS-148A,17.22,1.87
"Gyuto 8.0"" Damascus",DMS-132A,17.95,1.87
"Gyuto 8.5"" Damascus",DMS-119G,15.98,1.87
"Gyuto 8.0"" AUS10",HM-20A,14.54,1.87
"Gyuto 8.0"" AUS10",HM-19A,8.79,1.87
"Gyuto 8.0"" AUS10",HM-19A1,10.61,1.87
"Gyuto 8.0"" Stainless Steel",HM-6A,5.45,1.87
"Gyuto 8.5"" Stainless Steel",HM-51A,9.91,1.87
"Gyuto 8.0"" Stainless Steel",TD-0012A,3.01,1.87
"Gyuto 8.0"" Damascus",DMS-106T,17.94,1.87
"Gyuto 8.3"" Damascus",DMS-146A,20.39,1.87
"Gyuto 8.0"" Damascus",DMS-122A,18.32,1.87
"Gyuto 8.0"" Damascus",DMS-125A,17.75,1.87
"Gyuto 8.0"" Damascus",DMS-S151A,17.14,1.87
"Gyuto 8.0"" Damascus",DMS-136A,15.49,1.87
"Gyuto 8.0"" Damascus",DMS-122A-GREEN,18.32,1.87
"Gyuto 7.7"" Damascus",DMS-018A,16.13,1.87
"Gyuto 8.0"" Damascus",DMS-120T-RED,17.75,1.87
"Gyuto 7.5"" Damascus",DMS-126A,16.13,1.87
"Santoku 7.0"" Damascus",DMS-151B,16.86,1.87
"Santoku 7.0"" Damascus",DMS-148B,16.86,1.87
"Santoku 7.0"" Damascus",DMS-132B,17.62,1.87
"Santoku 5.0"" AUS10",HM-50B,12.12,1.87
"Santoku 7.5"" AUS10",HM-19B,8.79,1.87
"Santoku 7.0"" Stainless Steel",HM-6B,7.27,1.87
"Santoku 6.5"" Stainless Steel",TD-0012B,3.01,1.87
"Santoku 7.0"" Damascus",DMS-018B,16.13,1.87
Knife Set,TD-006,21.55,1.87
Knife Set,TD-007,21.55,1.87
Knife Set,TD-002,18.89,1.87
"Kiritsuke 9.5"" Damascus",DMS-151K,17.62,1.87
Kiritsuke Damascus,DMS-148K,17.56,1.87
"Kiritsuke 8.2"" Damascus",DMS-119A,15.98,1.87
"Kiritsuke 8.5"" AUS10",HM-19K,9.47,1.87
"Kiritsuke 7.0"" AUS10",HM-19K1,11.42,1.87
"Kiritsuke 8.5"" Stainless Steel",HM-6K,5.45,1.87
Bread Knife AUS10,HM-19H,10.77,1.87
Bread Knife Damascus,DMS-136H,14.68,1.87
"Nakiri 7.0"" Damascus",DMS-119C,15.98,1.87
"Nakiri 7.0"" AUS10",HM-19C,8.79,1.87
"Nakiri 7.0"" AUS10",HM-19C1,10.61,1.87
"Nakiri 7.5"" Stainless Steel",HM-51C,9.91,1.87
"Butcher Knife 5.8"" Stainless Steel",HM-24,3.46,1.87
"Butcher Knife 5.2"" Stainless Steel",HM-49,3.1,1.87
"Butcher Knife 5.7"" Stainless Steel",FIB-30-BROWN,3.09,1.87
